index_id,date_anio,date,day_week,close,open,high,low,adj_close,volume
00001,2023,2023-01-02,0,5.782,5.691,5.786,5.669,5.2032,7785857
00002,2023,2023-01-03,1,5.869,5.763,5.899,5.74,5.2815,13860514
00003,2023,2023-01-04,2,6.1,5.9,6.1,5.899,5.4894,24333498
00004,2023,2023-01-05,3,6.154,6.07,6.168,6.04,5.538,15587600
00005,2023,2023-01-06,4,6.21,6.17,6.228,6.155,5.5884,12498717
00006,2023,2023-01-09,0,6.277,6.21,6.286,6.201,5.6487,19838535
00007,2023,2023-01-10,1,6.31,6.25,6.329,6.237,5.6784,12857059
00008,2023,2023-01-11,2,6.273,6.33,6.333,6.251,5.6451,12180488
00009,2023,2023-01-12,3,6.321,6.295,6.357,6.252,5.6883,13218877
00010,2023,2023-01-13,4,6.362,6.337,6.412,6.287,5.7252,12723765
00011,2023,2023-01-16,0,6.398,6.37,6.414,6.34,5.7576,7109384
00012,2023,2023-01-17,1,6.415,6.398,6.449,6.388,5.7729,11518010
00013,2023,2023-01-18,2,6.443,6.404,6.486,6.404,5.7981,15186643
00014,2023,2023-01-19,3,6.31,6.39,6.413,6.191,5.6784,19966032
00015,2023,2023-01-20,4,6.367,6.369,6.402,6.315,5.7297,17583942
00016,2023,2023-01-23,0,6.45,6.387,6.508,6.34,5.8044,11258761
00017,2023,2023-01-24,1,6.431,6.461,6.507,6.35,5.7873,9183071
00018,2023,2023-01-25,2,6.292,6.356,6.381,6.264,5.6622,17317160
00019,2023,2023-01-26,3,6.417,6.332,6.447,6.329,5.7747,19022920
00020,2023,2023-01-27,4,6.434,6.45,6.507,6.404,5.79,18637346
00021,2023,2023-01-30,0,6.439,6.41,6.466,6.372,5.7945,6883831
00022,2023,2023-01-31,1,6.463,6.46,6.482,6.375,5.8161,13753129
00023,2023,2023-02-01,2,6.767,6.5,6.79,6.482,6.0896,32228125
00024,2023,2023-02-02,3,6.798,6.723,6.96,6.7,6.1175,21938757
00025,2023,2023-02-03,4,6.907,6.784,6.928,6.765,6.2156,16188638
00026,2023,2023-02-06,0,6.79,6.844,6.848,6.772,6.1103,10804666
00027,2023,2023-02-07,1,6.777,6.812,6.849,6.735,6.0986,11214770
00028,2023,2023-02-08,2,6.753,6.82,6.82,6.721,6.077,14731657
00029,2023,2023-02-09,3,6.8,6.798,6.828,6.65,6.1193,11725016
00030,2023,2023-02-10,4,6.74,6.78,6.818,6.696,6.0653,9963665
00031,2023,2023-02-13,0,6.831,6.75,6.841,6.749,6.1472,20099210
00032,2023,2023-02-14,1,6.875,6.849,6.957,6.809,6.1868,12319330
00033,2023,2023-02-15,2,6.882,6.856,6.904,6.811,6.1931,12556344
00034,2023,2023-02-16,3,7.01,6.915,7.015,6.914,6.3083,18847498
00035,2023,2023-02-17,4,6.976,6.953,7.015,6.927,6.2777,24243046
00036,2023,2023-02-20,0,6.973,7.001,7.023,6.964,6.275,5037248
00037,2023,2023-02-21,1,6.968,6.958,6.989,6.842,6.2705,8365012
00038,2023,2023-02-22,2,6.947,6.923,6.95,6.878,6.2516,11969996
00039,2023,2023-02-23,3,7.033,6.963,7.052,6.961,6.329,9957457
00040,2023,2023-02-24,4,7.028,7.037,7.109,7.02,6.3245,16494300
00041,2023,2023-02-27,0,7.187,7.07,7.22,7.064,6.4676,11033035
00042,2023,2023-02-28,1,7.373,7.151,7.45,7.129,6.635,35581494
00043,2023,2023-03-01,2,7.225,7.412,7.431,7.2,6.5018,15329341
00044,2023,2023-03-02,3,7.26,7.205,7.262,7.135,6.5333,9816692
00045,2023,2023-03-03,4,7.378,7.276,7.388,7.258,6.6395,8337400
00046,2023,2023-03-06,0,7.446,7.4,7.454,7.37,6.7007,6976496
00047,2023,2023-03-07,1,7.287,7.45,7.555,7.287,6.5576,14557618
00048,2023,2023-03-08,2,7.321,7.253,7.353,7.183,6.5882,8373407
00049,2023,2023-03-09,3,7.299,7.3,7.33,7.278,6.5684,7433930
00050,2023,2023-03-10,4,7.05,7.04,7.1,6.94,6.3443,20608192
00051,2023,2023-03-13,0,6.469,7.05,7.05,6.374,5.8215,43024277
00052,2023,2023-03-14,1,6.69,6.43,6.729,6.371,6.0203,24003341
00053,2023,2023-03-15,2,6.048,6.681,6.687,5.929,5.4426,49373416
00054,2023,2023-03-16,3,6.254,6.39,6.398,6.042,5.628,27258427
00055,2023,2023-03-17,4,6.036,6.275,6.405,5.967,5.4318,40145383
00056,2023,2023-03-20,0,6.231,5.99,6.329,5.735,5.6073,35743268
00057,2023,2023-03-21,1,6.567,6.358,6.632,6.356,5.9096,25123677
00058,2023,2023-03-22,2,6.585,6.538,6.754,6.489,5.9258,29831064
00059,2023,2023-03-23,3,6.413,6.45,6.579,6.374,5.7711,21269709
00060,2023,2023-03-24,4,6.129,6.35,6.35,6.021,5.5155,28578499
00061,2023,2023-03-27,0,6.256,6.252,6.332,6.122,5.6298,72800413
00062,2023,2023-03-28,1,6.344,6.35,6.399,6.241,5.709,137228110
00063,2023,2023-03-29,2,6.481,6.38,6.497,6.36,5.8322,70433496
00064,2023,2023-03-30,3,6.619,6.599,6.69,6.547,5.9564,73021084
00065,2023,2023-03-31,4,6.571,6.66,6.695,6.543,5.9132,48122106
00066,2023,2023-04-03,0,6.276,6.28,6.418,6.272,5.9274,14518491
00067,2023,2023-04-04,1,6.386,6.288,6.508,6.288,6.0313,11826658
00068,2023,2023-04-05,2,6.46,6.406,6.492,6.376,6.1012,14631330
00069,2023,2023-04-06,3,6.58,6.496,6.604,6.49,6.2145,12542691
00070,2023,2023-04-11,1,6.482,6.624,6.686,6.476,6.122,170543510
00071,2023,2023-04-12,2,6.598,6.486,6.678,6.486,6.2315,61418243
00072,2023,2023-04-13,3,6.628,6.598,6.664,6.586,6.2599,51063229
00073,2023,2023-04-14,4,6.806,6.65,6.806,6.616,6.428,64723921
00074,2023,2023-04-17,0,6.712,6.832,6.86,6.68,6.3392,18789938
00075,2023,2023-04-18,1,6.862,6.78,6.928,6.772,6.4809,15652964
00076,2023,2023-04-19,2,6.918,6.848,6.944,6.816,6.5337,12202973
00077,2023,2023-04-20,3,6.814,6.99,7.048,6.756,6.4355,11078945
00078,2023,2023-04-21,4,6.782,6.752,6.782,6.678,6.4053,14922354
00079,2023,2023-04-24,0,6.814,6.732,6.838,6.702,6.4355,10985379
00080,2023,2023-04-25,1,6.648,6.716,6.724,6.614,6.2787,9268063
00081,2023,2023-04-26,2,6.682,6.6,6.694,6.484,6.3109,11342926
00082,2023,2023-04-27,3,6.89,6.704,6.896,6.658,6.5073,12617198
00083,2023,2023-04-28,4,6.65,6.95,6.95,6.614,6.2806,14450654
00084,2023,2023-05-02,1,6.404,6.698,6.698,6.386,6.0483,12236629
00085,2023,2023-05-03,2,6.29,6.5,6.516,6.218,5.9406,23857409
00086,2023,2023-05-04,3,6.18,6.268,6.312,6.114,5.8367,11028201
00087,2023,2023-05-05,4,6.29,6.238,6.298,6.134,5.9406,14528798
00088,2023,2023-05-08,0,6.388,6.34,6.406,6.336,6.0332,5449964
00089,2023,2023-05-09,1,6.31,6.376,6.424,6.266,5.9595,6906884
00090,2023,2023-05-10,2,6.302,6.37,6.422,6.256,5.952,7762670
00091,2023,2023-05-11,3,6.538,6.3,6.57,6.298,6.1749,17816571
00092,2023,2023-05-12,4,6.598,6.576,6.652,6.568,6.2315,15091119
00093,2023,2023-05-15,0,6.322,6.466,6.528,6.276,5.9709,15645401
00094,2023,2023-05-16,1,6.3,6.316,6.35,6.244,5.9501,8067282
00095,2023,2023-05-17,2,6.368,6.25,6.368,6.25,6.0143,7951562
00096,2023,2023-05-18,3,6.464,6.44,6.504,6.406,6.105,8610107
00097,2023,2023-05-19,4,6.492,6.5,6.544,6.466,6.1314,13636849
00098,2023,2023-05-22,0,6.504,6.46,6.568,6.46,6.1427,11117836
00099,2023,2023-05-23,1,6.492,6.51,6.51,6.462,6.1314,6748187
00100,2023,2023-05-24,2,6.34,6.39,6.414,6.296,5.9879,17611234
00101,2023,2023-05-25,3,6.416,6.33,6.462,6.286,6.0596,13066698
00102,2023,2023-05-26,4,6.48,6.41,6.504,6.296,6.1201,8255268
00103,2023,2023-05-29,0,6.4,6.55,6.55,6.36,6.0445,5253842
00104,2023,2023-05-30,1,6.358,6.382,6.492,6.314,6.0049,10616285
00105,2023,2023-05-31,2,6.12,6.3,6.36,6.058,5.7801,83953672
00106,2023,2023-06-01,3,6.256,6.216,6.324,6.182,5.9085,8460690
00107,2023,2023-06-02,4,6.49,6.332,6.498,6.288,6.1295,12187475
00108,2023,2023-06-05,0,6.464,6.516,6.57,6.398,6.105,21451358
00109,2023,2023-06-06,1,6.478,6.434,6.486,6.398,6.1182,8163129
00110,2023,2023-06-07,2,6.488,6.492,6.51,6.364,6.1276,9036263
00111,2023,2023-06-08,3,6.586,6.54,6.686,6.522,6.2202,11152421
00112,2023,2023-06-09,4,6.51,6.594,6.634,6.426,6.1484,7305539
00113,2023,2023-06-12,0,6.554,6.554,6.606,6.498,6.19,7502358
00114,2023,2023-06-13,1,6.532,6.554,6.56,6.408,6.1692,14650742
00115,2023,2023-06-14,2,6.776,6.546,6.814,6.54,6.3996,17036727
00116,2023,2023-06-15,3,6.734,6.75,6.796,6.686,6.36,11095504
00117,2023,2023-06-16,4,6.79,6.758,6.838,6.716,6.4129,31481005
00118,2023,2023-06-19,0,6.798,6.772,6.856,6.758,6.4204,5922262
00119,2023,2023-06-20,1,6.74,6.764,6.808,6.714,6.3656,5884272
00120,2023,2023-06-21,2,6.77,6.744,6.858,6.72,6.394,7124768
00121,2023,2023-06-22,3,6.732,6.674,6.738,6.586,6.3581,9186356
00122,2023,2023-06-23,4,6.652,6.658,6.71,6.55,6.2825,11663237
00123,2023,2023-06-26,0,6.748,6.662,6.754,6.534,6.3732,9436517
00124,2023,2023-06-27,1,6.784,6.76,6.812,6.682,6.4072,9756756
00125,2023,2023-06-28,2,6.854,6.794,6.86,6.782,6.4733,8462242
00126,2023,2023-06-29,3,6.958,6.86,6.972,6.858,6.5715,12195683
00127,2023,2023-06-30,4,7.032,6.98,7.128,6.96,6.6414,18402410
00128,2023,2023-07-03,0,7.09,7.03,7.164,7.03,6.6962,7880415
00129,2023,2023-07-04,1,7.024,7.1,7.136,7.022,6.6339,5438141
00130,2023,2023-07-05,2,6.958,6.99,7.03,6.932,6.5715,8773124
00131,2023,2023-07-06,3,6.84,6.896,6.938,6.794,6.4601,9641714
00132,2023,2023-07-07,4,6.894,6.848,6.926,6.792,6.5111,7846775
00133,2023,2023-07-10,0,6.878,6.854,6.964,6.844,6.496,5715710
00134,2023,2023-07-11,1,6.942,6.916,6.97,6.834,6.5564,7168237
00135,2023,2023-07-12,2,7.106,6.954,7.128,6.954,6.7113,10063480
00136,2023,2023-07-13,3,7.092,7.076,7.154,7.04,6.6981,8373923
00137,2023,2023-07-14,4,7.08,7.09,7.176,7.062,6.6867,6840764
00138,2023,2023-07-17,0,7.098,7.078,7.134,7.036,6.7037,4278948
00139,2023,2023-07-18,1,7.162,7.146,7.174,7.064,6.7642,7145089
00140,2023,2023-07-19,2,7.104,7.18,7.206,7.05,6.7094,7150889
00141,2023,2023-07-20,3,7.194,7.126,7.228,7.118,6.7944,7862037
00142,2023,2023-07-21,4,7.126,7.19,7.19,7.062,6.7302,10145133
00143,2023,2023-07-24,0,7.118,6.968,7.118,6.91,6.7226,6611877
00144,2023,2023-07-25,1,7.13,7.12,7.162,7.088,6.734,4842545
00145,2023,2023-07-26,2,7.112,7.12,7.144,7.016,6.717,9332934
00146,2023,2023-07-27,3,7.22,7.15,7.22,7.094,6.819,13244340
00147,2023,2023-07-28,4,7.332,7.25,7.438,7.162,6.9248,21800288
00148,2023,2023-07-31,0,7.21,7.376,7.386,7.186,6.8095,11518870
00149,2023,2023-08-01,1,7.0,7.21,7.24,6.97,6.6112,11735986
00150,2023,2023-08-02,2,6.878,6.9,6.964,6.822,6.496,15647645
00151,2023,2023-08-03,3,6.872,6.83,6.884,6.762,6.4903,12325789
00152,2023,2023-08-04,4,6.924,6.928,6.99,6.864,6.5394,12484336
00153,2023,2023-08-07,0,6.968,6.948,6.99,6.856,6.581,6152792
00154,2023,2023-08-08,1,6.834,6.87,6.896,6.69,6.4544,13063336
00155,2023,2023-08-09,2,6.91,6.964,6.984,6.862,6.5262,6609257
00156,2023,2023-08-10,3,7.166,6.964,7.2,6.95,6.768,21905247
00157,2023,2023-08-11,4,7.18,7.142,7.214,7.134,6.7812,10820304
00158,2023,2023-08-14,0,7.202,7.164,7.302,7.164,6.802,8069992
00159,2023,2023-08-15,1,7.112,7.204,7.222,7.042,6.717,5892964
00160,2023,2023-08-16,2,7.09,7.064,7.156,7.048,6.6962,11525714
00161,2023,2023-08-17,3,7.078,7.066,7.17,7.034,6.6849,7478339
00162,2023,2023-08-18,4,7.06,7.034,7.072,6.99,6.6679,6683744
00163,2023,2023-08-21,0,7.096,7.064,7.17,7.062,6.7019,5128446
00164,2023,2023-08-22,1,7.128,7.142,7.208,7.116,6.7321,6788871
00165,2023,2023-08-23,2,7.078,7.142,7.214,7.044,6.6849,6365871
00166,2023,2023-08-24,3,7.172,7.13,7.186,7.07,6.7736,11095065
00167,2023,2023-08-25,4,7.15,7.166,7.232,7.124,6.7529,5393872
00168,2023,2023-08-28,0,7.28,7.202,7.292,7.202,6.8756,1305694
00169,2023,2023-08-29,1,7.35,7.312,7.382,7.274,6.9418,10415306
00170,2023,2023-08-30,2,7.394,7.38,7.5,7.378,6.9833,11952596
00171,2023,2023-08-31,3,7.266,7.414,7.434,7.264,6.8624,16219782
00172,2023,2023-09-01,4,7.264,7.304,7.414,7.264,6.8605,10124044
00173,2023,2023-09-04,0,7.288,7.302,7.358,7.262,6.8832,3654329
00174,2023,2023-09-05,1,7.156,7.224,7.254,7.144,6.7585,12927896
00175,2023,2023-09-06,2,7.02,7.148,7.152,6.996,6.6301,15099915
00176,2023,2023-09-07,3,6.944,7.0,7.068,6.942,6.5583,9168559
00177,2023,2023-09-08,4,6.97,7.0,7.0,6.826,6.5829,8841775
00178,2023,2023-09-11,0,7.07,7.028,7.12,7.012,6.6773,7851523
00179,2023,2023-09-12,1,7.092,7.078,7.12,7.05,6.6981,9627032
00180,2023,2023-09-13,2,7.118,7.092,7.158,7.056,6.7226,6346004
00181,2023,2023-09-14,3,7.244,7.1,7.26,7.062,6.8416,19015732
00182,2023,2023-09-15,4,7.21,7.28,7.318,7.176,6.8095,22765195
00183,2023,2023-09-18,0,7.156,7.208,7.244,7.106,6.7585,7861595
00184,2023,2023-09-19,1,7.314,7.134,7.314,7.084,6.9078,9903937
00185,2023,2023-09-20,2,7.494,7.33,7.508,7.3,7.0778,17889246
00186,2023,2023-09-21,3,7.492,7.41,7.504,7.376,7.0759,10726271
00187,2023,2023-09-22,4,7.466,7.468,7.524,7.434,7.0513,24339333
00188,2023,2023-09-25,0,7.39,7.45,7.548,7.35,6.9795,6971179
00189,2023,2023-09-26,1,7.37,7.38,7.43,7.304,6.9606,9135884
00190,2023,2023-09-27,2,7.446,7.354,7.47,7.33,7.0324,9511093
00191,2023,2023-09-28,3,7.688,7.476,7.688,7.462,7.261,17714007
00192,2023,2023-09-29,4,7.71,7.678,7.756,7.636,7.2818,19296251
00193,2023,2023-10-02,0,7.692,7.72,7.822,7.666,7.2648,79605334
00194,2023,2023-10-03,1,7.732,7.636,7.882,7.618,7.3025,81702271
00195,2023,2023-10-04,2,7.626,7.71,7.76,7.566,7.2024,38065295
00196,2023,2023-10-05,3,7.642,7.686,7.746,7.576,7.2175,12884419
00197,2023,2023-10-06,4,7.676,7.692,7.718,7.584,7.2496,15797816
00198,2023,2023-10-09,0,7.422,7.484,7.55,7.396,7.159,10581330
00199,2023,2023-10-10,1,7.65,7.492,7.708,7.492,7.3789,12843005
00200,2023,2023-10-11,2,7.782,7.604,7.792,7.58,7.5062,37239036
00201,2023,2023-10-12,3,7.798,7.792,7.846,7.748,7.5217,14344572
00202,2023,2023-10-13,4,7.682,7.78,7.808,7.65,7.4098,12665493
00203,2023,2023-10-16,0,7.7,7.73,7.756,7.63,7.4271,10279317
00204,2023,2023-10-17,1,7.744,7.698,7.758,7.654,7.4696,24423209
00205,2023,2023-10-18,2,7.688,7.766,7.798,7.668,7.4155,14541712
00206,2023,2023-10-19,3,7.624,7.666,7.68,7.566,7.3538,15059932
00207,2023,2023-10-20,4,7.54,7.59,7.618,7.52,7.2728,14938480
00208,2023,2023-10-23,0,7.522,7.522,7.544,7.43,7.2554,9429359
00209,2023,2023-10-24,1,7.392,7.522,7.528,7.36,7.13,19719702
00210,2023,2023-10-25,2,7.43,7.37,7.47,7.322,7.1667,16909629
00211,2023,2023-10-26,3,7.462,7.378,7.474,7.306,7.1976,15551700
00212,2023,2023-10-27,4,7.442,7.516,7.624,7.414,7.1783,11428201
00213,2023,2023-10-30,0,7.504,7.466,7.536,7.406,7.2381,11384617
00214,2023,2023-10-31,1,7.422,7.094,7.516,7.05,7.159,18349423
00215,2023,2023-11-01,2,7.59,7.478,7.648,7.426,7.321,11478186
00216,2023,2023-11-02,3,7.636,7.622,7.666,7.55,7.3654,11454498
00217,2023,2023-11-03,4,7.734,7.684,7.746,7.624,7.4599,13747545
00218,2023,2023-11-06,0,7.718,7.708,7.766,7.652,7.4445,10685482
00219,2023,2023-11-07,1,7.724,7.688,7.786,7.66,7.4503,8733330
00220,2023,2023-11-08,2,7.832,7.666,7.862,7.662,7.5544,17550499
00221,2023,2023-11-09,3,7.972,7.84,7.978,7.814,7.6895,13497102
00222,2023,2023-11-10,4,7.9,7.9,7.99,7.9,7.62,10272079
00223,2023,2023-11-13,0,8.004,7.898,8.024,7.898,7.7204,12742353
00224,2023,2023-11-14,1,8.218,8.0,8.24,7.996,7.9268,18856496
00225,2023,2023-11-15,2,8.222,8.2,8.3,8.172,7.9306,11848007
00226,2023,2023-11-16,3,8.168,8.222,8.26,8.166,7.8785,10857034
00227,2023,2023-11-17,4,8.284,8.2,8.302,8.192,7.9904,24591636
00228,2023,2023-11-20,0,8.286,8.28,8.332,8.27,7.9924,12598889
00229,2023,2023-11-21,1,8.296,8.26,8.336,8.23,8.002,10608500
00230,2023,2023-11-22,2,8.372,8.3,8.386,8.298,8.0753,11327942
00231,2023,2023-11-23,3,8.444,8.33,8.49,8.324,8.1448,11424365
00232,2023,2023-11-24,4,8.39,8.44,8.514,8.39,8.0927,11540843
00233,2023,2023-11-27,0,8.4,8.388,8.426,8.368,8.1023,11357967
00234,2023,2023-11-28,1,8.586,8.404,8.586,8.388,8.2817,12851618
00235,2023,2023-11-29,2,8.696,8.58,8.708,8.578,8.3878,11677427
00236,2023,2023-11-30,3,8.506,8.704,8.726,8.48,8.2046,22894079
00237,2023,2023-12-01,4,8.556,8.572,8.61,8.534,8.2528,8048948
00238,2023,2023-12-04,0,8.66,8.618,8.688,8.554,8.3531,6390576
00239,2023,2023-12-05,1,8.628,8.656,8.718,8.576,8.3222,8085917
00240,2023,2023-12-06,2,8.608,8.66,8.68,8.594,8.3029,7144553
00241,2023,2023-12-07,3,8.458,8.58,8.632,8.356,8.1583,10036983
00242,2023,2023-12-08,4,8.506,8.476,8.524,8.406,8.2046,7540619
00243,2023,2023-12-11,0,8.492,8.51,8.55,8.476,8.1911,13259905
00244,2023,2023-12-12,1,8.42,8.5,8.518,8.384,8.1216,9197199
00245,2023,2023-12-13,2,8.426,8.402,8.46,8.324,8.1274,15789056
00246,2023,2023-12-14,3,8.372,8.49,8.508,8.294,8.0753,14778259
00247,2023,2023-12-15,4,8.284,8.394,8.418,8.232,7.9904,30142739
00248,2023,2023-12-18,0,8.25,8.266,8.308,8.228,7.9576,11061121
00249,2023,2023-12-19,1,8.262,8.226,8.288,8.17,7.9692,8938893
00250,2023,2023-12-20,2,8.17,8.29,8.29,8.128,7.8805,12584968
00251,2023,2023-12-21,3,8.232,8.168,8.242,8.158,7.9403,4612825
00252,2023,2023-12-22,4,8.238,8.234,8.278,8.186,7.9461,5924362
00253,2023,2023-12-27,2,8.242,8.25,8.284,8.202,7.9499,5985913
00254,2023,2023-12-28,3,8.192,8.248,8.258,8.162,7.9017,4264480
00255,2023,2023-12-29,4,8.226,8.194,8.266,8.182,7.9345,4492141
00256,2024,2024-01-02,1,8.426,8.28,8.482,8.272,8.1274,12884145
00257,2024,2024-01-03,2,8.32,8.46,8.5,8.3,8.0252,7949923
00258,2024,2024-01-04,3,8.46,8.348,8.472,8.336,8.1602,6040776
00259,2024,2024-01-05,4,8.514,8.44,8.554,8.37,8.2123,7361240
00260,2024,2024-01-08,0,8.602,8.5,8.628,8.446,8.2972,6901166
00261,2024,2024-01-09,1,8.414,8.528,8.53,8.316,8.1158,11057043
00262,2024,2024-01-10,2,8.402,8.404,8.436,8.348,8.1042,7736169
00263,2024,2024-01-11,3,8.28,8.454,8.506,8.28,7.9866,7166372
00264,2024,2024-01-12,4,8.288,8.314,8.386,8.268,7.9943,5656200
00265,2024,2024-01-15,0,8.252,8.27,8.306,8.216,7.9596,4904142
00266,2024,2024-01-16,1,8.142,8.2,8.202,8.086,7.8535,9543646
00267,2024,2024-01-17,2,8.094,8.05,8.112,7.994,7.8072,9189726
00268,2024,2024-01-18,3,8.084,8.1,8.156,8.038,7.7975,12720401
00269,2024,2024-01-19,4,7.996,8.14,8.14,7.974,7.7126,8020369
00270,2024,2024-01-22,0,8.172,8.094,8.172,8.046,7.8824,8136043
00271,2024,2024-01-23,1,8.134,8.184,8.198,8.064,7.8457,7526002
00272,2024,2024-01-24,2,8.226,8.142,8.226,8.106,7.9345,5783214
00273,2024,2024-01-25,3,8.09,8.186,8.188,8.01,7.8033,7480872
00274,2024,2024-01-26,4,8.092,8.112,8.128,8.052,7.8052,7031754
00275,2024,2024-01-29,0,8.114,8.106,8.154,7.998,7.8265,7393341
00276,2024,2024-01-30,1,8.614,8.182,8.636,8.086,8.3087,17780218
00277,2024,2024-01-31,2,8.676,8.67,8.74,8.608,8.3685,16618609
00278,2024,2024-02-01,3,8.674,8.65,8.846,8.622,8.3666,11350614
00279,2024,2024-02-02,4,8.962,8.784,8.988,8.714,8.6444,13327203
00280,2024,2024-02-05,0,8.934,8.99,9.03,8.904,8.6174,13757162
00281,2024,2024-02-06,1,9.104,8.99,9.158,8.98,8.7814,13947145
00282,2024,2024-02-07,2,8.986,9.04,9.046,8.848,8.6676,12626042
00283,2024,2024-02-08,3,9.116,9.05,9.154,9.018,8.7929,10116776
00284,2024,2024-02-09,4,9.152,9.098,9.162,9.074,8.8277,13668999
00285,2024,2024-02-12,0,9.25,9.17,9.254,9.156,8.9222,18353632
00286,2024,2024-02-13,1,9.274,9.29,9.306,9.202,8.9453,9047596
00287,2024,2024-02-14,2,9.186,9.274,9.36,9.18,8.8605,10461236
00288,2024,2024-02-15,3,9.042,9.202,9.202,8.96,8.7216,11297888
00289,2024,2024-02-16,4,9.016,9.1,9.122,8.954,8.6965,11176991
00290,2024,2024-02-19,0,9.026,9.0,9.062,8.948,8.7061,5992363
00291,2024,2024-02-20,1,9.098,9.02,9.11,8.954,8.7756,7389607
00292,2024,2024-02-21,2,9.294,9.13,9.296,9.11,8.9646,10037380
00293,2024,2024-02-22,3,9.332,9.324,9.406,9.274,9.0013,8880989
00294,2024,2024-02-23,4,9.43,9.344,9.43,9.312,9.0958,8376997
00295,2024,2024-02-26,0,9.456,9.41,9.49,9.408,9.1209,5680949
00296,2024,2024-02-27,1,9.37,9.432,9.518,9.32,9.0379,10890940
00297,2024,2024-02-28,2,9.32,9.342,9.442,9.254,8.9897,9858549
00298,2024,2024-02-29,3,9.186,9.294,9.348,9.146,8.8605,30979546
00299,2024,2024-03-01,4,9.362,9.198,9.422,9.174,9.0302,8378798
00300,2024,2024-03-04,0,9.414,9.358,9.454,9.35,9.0804,7263255
00301,2024,2024-03-05,1,9.488,9.416,9.498,9.394,9.1518,7959209
00302,2024,2024-03-06,2,9.662,9.47,9.72,9.466,9.3196,12860453
00303,2024,2024-03-07,3,9.848,9.638,9.868,9.638,9.499,17127158
00304,2024,2024-03-08,4,9.898,9.872,10.04,9.862,9.5472,11939752
00305,2024,2024-03-11,0,9.936,9.86,9.974,9.83,9.5839,11517140
00306,2024,2024-03-12,1,10.195,9.952,10.22,9.952,9.8337,14800925
00307,2024,2024-03-13,2,10.27,10.175,10.355,10.17,9.906,14889385
00308,2024,2024-03-14,3,10.19,10.275,10.32,10.175,9.8289,11590222
00309,2024,2024-03-15,4,10.415,10.18,10.515,10.165,10.0459,47546237
00310,2024,2024-03-18,0,10.385,10.42,10.55,10.385,10.017,12848444
00311,2024,2024-03-19,1,10.505,10.385,10.535,10.385,10.1327,10826867
00312,2024,2024-03-20,2,10.525,10.515,10.535,10.42,10.152,9734365
00313,2024,2024-03-21,3,10.8,10.62,10.87,10.62,10.4173,14129689
00314,2024,2024-03-22,4,10.9,10.8,10.945,10.78,10.5137,11765602
00315,2024,2024-03-25,0,10.855,10.81,10.99,10.81,10.4703,8338177
00316,2024,2024-03-26,1,10.84,10.835,10.875,10.74,10.4558,10372422
00317,2024,2024-03-27,2,10.905,10.82,10.98,10.81,10.5185,13875774
00318,2024,2024-03-28,3,11.04,10.905,11.14,10.885,10.6488,15040664
00319,2024,2024-04-02,1,10.97,11.05,11.09,10.91,10.5812,9892784
00320,2024,2024-04-03,2,11.05,11.015,11.13,11.01,10.6584,47022984
00321,2024,2024-04-04,3,11.235,11.1,11.275,11.085,10.8368,38040077
00322,2024,2024-04-05,4,11.005,11.135,11.14,10.905,10.615,80381394
00323,2024,2024-04-08,0,10.65,10.62,10.72,10.57,10.65,10501586
00324,2024,2024-04-09,1,10.48,10.65,10.67,10.48,10.48,9199477
00325,2024,2024-04-10,2,10.425,10.48,10.495,10.26,10.425,11371088
00326,2024,2024-04-11,3,10.12,10.3,10.395,9.986,10.12,14907351
00327,2024,2024-04-12,4,10.05,10.055,10.135,9.924,10.05,12236624
00328,2024,2024-04-15,0,10.17,9.94,10.25,9.91,10.17,10931585
00329,2024,2024-04-16,1,9.962,10.035,10.12,9.906,9.962,25637589
00330,2024,2024-04-17,2,10.22,9.966,10.295,9.96,10.22,8579535
00331,2024,2024-04-18,3,10.42,10.29,10.42,10.27,10.42,9899130
00332,2024,2024-04-19,4,10.205,10.165,10.27,10.135,10.205,50973015
00333,2024,2024-04-22,0,10.43,10.295,10.435,10.195,10.43,6364161
00334,2024,2024-04-23,1,10.66,10.48,10.66,10.46,10.66,10338467
00335,2024,2024-04-24,2,10.55,10.68,10.71,10.46,10.55,6263101
00336,2024,2024-04-25,3,10.505,10.585,10.67,10.405,10.505,9156861
00337,2024,2024-04-26,4,10.985,10.545,11.0,10.53,10.985,13868323
00338,2024,2024-04-29,0,10.9,11.0,11.25,10.63,10.9,17902046
00339,2024,2024-04-30,1,10.175,10.92,10.975,10.06,10.175,29250104
00340,2024,2024-05-02,3,9.784,10.0,10.08,9.77,9.784,27702493
00341,2024,2024-05-03,4,9.85,9.88,9.964,9.728,9.85,16793025
00342,2024,2024-05-06,0,9.84,9.856,9.89,9.728,9.84,11604186
00343,2024,2024-05-07,1,10.195,10.0,10.195,9.91,10.195,17398582
00344,2024,2024-05-08,2,10.29,10.395,10.425,10.225,10.29,12926731
00345,2024,2024-05-09,3,9.6,9.848,9.848,9.6,9.6,25561390
00346,2024,2024-05-10,4,9.71,9.638,9.818,9.62,9.71,12164163
00347,2024,2024-05-13,0,9.724,9.724,9.746,9.65,9.724,7228969
00348,2024,2024-05-14,1,9.9,9.698,9.932,9.68,9.9,40638532
00349,2024,2024-05-15,2,10.2,9.94,10.235,9.88,10.2,12532494
00350,2024,2024-05-16,3,9.974,10.2,10.235,9.962,9.974,9468774
00351,2024,2024-05-17,4,10.02,9.9,10.06,9.88,10.02,12116828
00352,2024,2024-05-20,0,9.932,9.974,10.025,9.912,9.932,7297753
00353,2024,2024-05-21,1,9.986,9.914,10.02,9.894,9.986,7017225
00354,2024,2024-05-22,2,10.01,10.005,10.085,9.986,10.01,6843296
00355,2024,2024-05-23,3,10.035,10.025,10.16,9.994,10.035,6111759
00356,2024,2024-05-24,4,9.964,9.95,10.0,9.906,9.964,6651940
